2026-10-05T10:24:48;RAM_GB=14.97;CPU=0
2026-10-05T10:25:21;RAM_GB=14.34;PYTHON_GB=0;CPU=0
2026-10-05T10:26:22;RAM_GB=14.58;PYTHON_GB=0;CPU=0
2026-10-05T10:27:22;RAM_GB=14.59;PYTHON_GB=0;CPU=0
2026-10-05T10:28:23;RAM_GB=14.48;PYTHON_GB=0;CPU=0
2026-10-05T10:29:23;RAM_GB=14.89;PYTHON_GB=0;CPU=0
2026-10-05T10:30:24;RAM_GB=14.08;PYTHON_GB=0;CPU=0
2026-10-05T10:31:24;RAM_GB=13.89;PYTHON_GB=0;CPU=0
2026-10-05T10:32:25;RAM_GB=13.72;PYTHON_GB=0;CPU=0
2026-10-05T10:33:25;RAM_GB=13.73;PYTHON_GB=0;CPU=0
2026-10-05T10:34:25;RAM_GB=13.35;PYTHON_GB=0;CPU=0
2026-10-05T10:35:26;RAM_GB=13.32;PYTHON_GB=0;CPU=0
