#{"t_start": 1767996775.2669265, "env_id": "None"}
r,l,t
53841.056881,480,1.198799
51261.816408,480,2.946175
52477.060919,480,4.903871
52188.860282,480,7.49183
52636.483718,480,18.130905
51281.791483,480,20.741229
52543.557893,480,23.277196
51412.031029,480,25.972554
53269.392404,480,33.586456
50479.881541,480,34.900348
52155.924283,480,37.206142
51458.394233,480,38.785938
52467.404861,480,46.57742
52628.254493,480,47.878781
54709.96017,480,49.3619
51234.087973,480,52.277817
52222.383052,480,54.651419
53887.862701,480,65.919763
51751.692469,480,67.584924
52761.433156,480,68.605608
51427.802679,480,70.171486
52216.97441,480,76.761006
50590.603613,480,78.061198
49908.871004,480,79.267344
50208.751707,480,81.652032
53117.218843,480,89.42754
52756.584496,480,91.085221
52219.403856,480,92.581827
52839.836056,480,93.71061
52365.555298,480,103.098996
52044.241895,480,104.4364
49857.89373,480,105.947971
52181.999715,480,107.4825
51403.201234,480,108.896068
53129.974095,480,117.611901
51917.164452,480,118.715127
50386.643157,480,119.941934
52431.767053,480,121.180415
51435.965059,480,129.467656
50948.856776,480,130.501609
51982.104774,480,131.784661
52548.854581,480,132.898519
50656.189799,480,139.486037
51688.075772,480,142.772931
51649.351165,480,144.851041
50875.435637,480,145.924212
53374.500469,480,152.445882
52416.904252,480,153.759312
50273.289461,480,154.636222
51965.839955,480,157.318111
51829.096304,480,160.07119
52489.010895,480,168.993292
51712.066652,480,172.003339
52537.134681,480,173.164834
51883.118952,480,174.092769
51705.958766,480,182.042259
50592.96092,480,182.981695
51074.658081,480,184.18985
50891.08697,480,186.284338
51985.832501,480,197.327168
50941.338582,480,199.708408
52881.933907,480,202.758011
52134.376925,480,205.373548
51852.436106,480,207.094559
52090.491451,480,219.286156
50587.544015,480,222.090813
51694.698467,480,224.374946
53465.328933,480,225.548411
51847.405582,480,237.04116
52587.60542,480,238.252771
52253.211497,480,239.358504
50107.351545,480,240.60902
51516.579015,480,250.212494
50829.869407,480,252.473716
51532.750371,480,254.329913
51492.712089,480,255.568776
52781.68387,480,265.490469
53534.150749,480,267.289373
52185.282847,480,268.39287
52982.740104,480,269.754128
51393.334885,480,271.119606
52338.47433,480,279.763157
53421.988056,480,280.784229
52707.933542,480,281.925776
52333.037244,480,283.158661
52933.519572,480,288.6955
52348.130265,480,289.887165
52468.279388,480,292.65187
53557.913776,480,294.709678
52480.38346,480,302.298724
52034.599259,480,303.505529
52003.272521,480,304.836092
52683.287145,480,307.905499
52949.774533,480,315.810972
51610.252211,480,317.413726
52520.939327,480,318.656809
52638.185985,480,319.983583
52799.486445,480,322.397922
56081.25839,480,330.525661
52517.665146,480,332.084998
53524.954777,480,333.245101
51584.811903,480,334.256249
52585.002613,480,343.789698
52946.04391,480,345.21325
53657.113126,480,346.705203
51765.587983,480,347.785419
52818.852037,480,355.955412
52514.171901,480,357.438944
51869.736348,480,358.268229
51164.646626,480,359.504906
51791.452461,480,366.972008
51835.148147,480,368.268613
52496.197568,480,369.341326
53114.039319,480,370.348711
52535.940903,480,371.386812
51284.343043,480,377.762263
51130.492092,480,379.01585
53001.503818,480,380.090158
52281.965825,480,382.651117
52825.188504,480,391.38857
51062.782907,480,393.117636
51944.275144,480,394.169202
50883.054441,480,397.314465
51598.249897,480,407.29449
53178.515609,480,408.23764
50664.73015,480,409.32149
50799.598078,480,411.515432
52307.41215,480,413.17183
51820.004603,480,420.960882
51835.142941,480,422.146987
50067.009021,480,423.166133
51679.352041,480,424.974005
51708.446622,480,436.648613
50938.89637,480,438.086253
50300.860694,480,439.095806
52521.997798,480,441.494422
51111.331244,480,448.96519
51299.515887,480,450.963253
51991.392134,480,452.613591
52632.42839,480,454.242172
51547.753781,480,463.180781
50575.304699,480,464.265248
53070.730712,480,465.195568
50980.417759,480,466.260239
52243.001761,480,467.381355
50675.942694,480,476.235801
52606.337935,480,477.61487
51599.428151,480,478.725397
52644.085177,480,480.347087
52573.524979,480,488.37201
49358.833732,480,490.390239
49633.64544,480,491.893849
51400.179776,480,492.862806
50948.605585,480,498.320217
53449.875624,480,499.594746
52799.684969,480,501.654895
50216.266101,480,504.664003
51655.813846,480,514.283836
51519.192927,480,515.397336
51115.284454,480,518.844773
53786.089111,480,520.938005
51761.033347,480,522.068507
50833.414781,480,529.121682
51371.980935,480,532.418224
51257.863621,480,535.335006
51385.185546,480,537.444412
51151.889398,480,543.795512
52285.161688,480,545.194257
52231.207035,480,547.654307
49823.623533,480,549.422019
52002.623949,480,555.689386
51326.079968,480,556.938124
49590.970501,480,558.933463
53597.098344,480,560.293383
51758.988364,480,570.34396
51179.356171,480,571.965432
51670.088353,480,573.301415
50779.378883,480,574.845413
51792.662327,480,576.881088
52345.58392,480,583.157804
52320.559749,480,584.461728
52015.149618,480,585.676993
50616.329548,480,587.062889
51122.332755,480,594.507391
51497.883499,480,596.136394
51607.86726,480,597.286483
50888.709512,480,598.819341
52164.190469,480,604.679531
51321.874247,480,607.56218
51651.679283,480,609.119665
50743.423825,480,610.436502
52235.432103,480,611.693985
51538.599338,480,618.021579
50144.918358,480,619.099024
51947.999913,480,620.372267
50899.855313,480,622.854397
51297.227314,480,629.790359
50578.834972,480,631.408772
50792.880171,480,632.715365
52042.556011,480,633.745383
52104.486348,480,643.791812
50076.118179,480,644.864559
50360.797042,480,646.414051
51410.54138,480,647.808057
52176.340278,480,656.938876
50770.372695,480,657.892603
51246.710066,480,659.155496
51517.955524,480,661.062533
50780.339005,480,661.904775
52063.389268,480,671.838949
51693.529537,480,673.149595
51036.892541,480,675.056664
50860.077736,480,677.517068
50780.220159,480,685.623038
51435.155899,480,686.877405
51430.975711,480,688.524548
51543.484166,480,690.310583
51441.733543,480,698.771
51087.85187,480,701.02602
49968.323903,480,701.952093
52183.276736,480,703.177065
51250.652681,480,710.374378
52215.154979,480,713.418035
51717.133743,480,716.105947
51467.807994,480,717.336315
51453.378891,480,718.705775
49884.059145,480,728.769648
50430.294309,480,732.3753
50372.188453,480,735.846923
50014.427577,480,738.526078
52804.492132,480,751.058148
52559.562378,480,752.674677
49520.503139,480,754.319612
51799.09888,480,756.094092
52779.344043,480,764.240607
51665.215847,480,765.382739
52441.968052,480,767.643673
51486.642929,480,769.84456
50407.882991,480,778.709314
51774.473089,480,779.649321
53089.667705,480,780.53032
51434.446512,480,781.744144
50197.87901,480,782.966047
51086.311131,480,792.133959
51649.748099,480,793.654228
52399.743387,480,795.404806
51943.432285,480,796.646345
51445.505578,480,801.711371
51286.110846,480,802.551781
51081.925931,480,803.249704
51067.56628,480,804.344753
51802.25003,480,806.49039
50248.531345,480,807.304466
51515.213332,480,808.393139
50428.096672,480,809.774769
50975.962941,480,811.445268
52543.249061,480,819.239529
51308.992604,480,820.197834
52212.050173,480,821.244716
52628.340656,480,822.166826
50540.093562,480,827.273889
51751.88836,480,828.225194
50927.564609,480,829.074916
51448.502365,480,829.961198
51673.294314,480,837.039455
50115.867884,480,837.966905
50702.770276,480,838.803737
50699.098262,480,839.632939
50939.254654,480,844.196981
51318.571769,480,845.342735
50634.252754,480,846.790354
50729.823175,480,847.967381
51273.16638,480,848.851328
52224.618995,480,854.031463
51056.630681,480,855.095727
52835.594255,480,855.969008
52236.408874,480,856.803002
53115.771076,480,862.971087
51777.544407,480,863.96696
50690.640928,480,864.878255
50187.936988,480,865.814766
50613.483237,480,870.941064
51552.680144,480,871.607701
51599.17264,480,872.172244
52361.756113,480,872.687561
50692.389051,480,874.942165
51128.358062,480,875.609936
51268.994248,480,876.219249
51077.142564,480,876.996121
52639.269409,480,877.855909
50730.924645,480,880.972711
52976.493783,480,881.643544
51135.837015,480,882.290238
52820.352619,480,882.71057
50691.383821,480,885.227635
51293.456864,480,885.908089
51480.118555,480,886.436074
52514.805669,480,887.12577
50901.591943,480,889.423751
51970.969772,480,889.987695
51208.238875,480,890.423697
51101.777903,480,891.044014
52791.563575,480,894.864151
51406.999817,480,895.480734
52189.278315,480,896.092672
52433.9558,480,896.61715
50554.154469,480,897.282039
50667.921811,480,899.747811
52784.098011,480,900.467598
50310.500395,480,901.257223
50295.829128,480,901.904924
51968.244964,480,904.939087
50612.369373,480,905.538758
50938.528687,480,906.465457
50870.919161,480,908.912952
51513.337674,480,924.494946
52189.755488,480,926.502165
50612.924303,480,927.996248
51573.397043,480,929.252542
51737.761142,480,931.068888
50349.256356,480,941.092366
50893.200098,480,943.986594
52924.557615,480,946.416141
52535.80822,480,948.338173
51238.545679,480,955.296689
50595.013624,480,956.866832
52663.386443,480,957.77299
50794.115998,480,959.008859
52040.547518,480,964.726439
49241.867954,480,965.658996
50501.398961,480,966.674567
51750.447803,480,967.156104
50466.038344,480,973.8195
50275.510983,480,975.718747
49423.811236,480,976.563523
51678.192324,480,977.915181
50261.386543,480,978.849332
51512.557354,480,982.821038
50779.789811,480,984.6515
50202.433924,480,985.479073
51316.298666,480,986.709624
50077.534996,480,992.93014
50742.005487,480,994.594599
50795.16625,480,995.864787
50697.006109,480,998.418726
51146.265777,480,1003.07724
50723.848014,480,1004.822039
50291.190391,480,1006.556164
51825.342246,480,1007.381483
54341.415414,480,1012.164332
53340.967651,480,1013.260508
51759.913071,480,1015.151851
50901.809197,480,1015.938635
50389.224211,480,1016.807447
50441.779261,480,1022.403069
50239.256283,480,1023.322441
50263.87542,480,1024.627425
50331.246674,480,1026.386001
51451.819418,480,1030.93262
51699.013855,480,1032.174385
50661.148281,480,1033.028922
50484.790259,480,1033.989893
53229.572884,480,1038.498517
50434.289454,480,1039.503468
51813.418439,480,1040.630463
50523.286988,480,1041.61697
51870.752147,480,1046.89226
53208.894238,480,1048.046825
49958.138871,480,1049.170561
52579.934238,480,1050.946296
51173.596455,480,1052.530524
50032.07457,480,1058.784058
51796.863377,480,1060.188756
50817.531481,480,1061.477068
51845.030529,480,1062.342806
53053.171901,480,1067.697856
51849.653339,480,1068.667351
53473.299565,480,1069.598103
49999.316981,480,1070.431843
51368.087327,480,1075.324599
51743.443542,480,1076.772122
51525.973335,480,1077.657835
49839.139655,480,1078.557954
50578.33542,480,1079.90935
51255.621493,480,1086.97616
51621.343497,480,1087.818618
50055.319547,480,1088.738263
50913.183469,480,1090.449622
52523.768586,480,1098.363684
50962.833199,480,1099.511612
50174.800392,480,1100.925714
52467.192774,480,1101.795403
51603.167487,480,1108.536249
51329.130734,480,1110.435283
50622.018709,480,1112.106376
49898.471508,480,1113.506535
50786.53773,480,1118.511527
51090.687596,480,1119.805116
51712.880849,480,1120.666183
51735.873542,480,1122.311597
50871.454401,480,1123.12391
51629.474817,480,1128.745163
52005.931517,480,1129.557925
52196.759293,480,1130.479185
52184.754648,480,1131.651972
53727.212389,480,1137.153706
50474.366213,480,1139.143544
51920.813436,480,1139.978078
51404.462023,480,1140.845399
52334.942714,480,1146.634609
53087.991433,480,1147.74833
51132.13633,480,1148.525002
53154.756079,480,1149.565191
50075.923454,480,1154.538252
51173.256921,480,1155.607486
51209.449321,480,1157.54841
50708.127503,480,1158.336518
50936.649446,480,1159.756134
51839.283332,480,1164.606537
52551.112884,480,1166.083581
52178.54773,480,1167.669015
50827.419936,480,1169.478155
50520.330385,480,1175.054707
50358.980168,480,1176.986191
50985.792126,480,1177.766983
51432.045194,480,1178.606928
49720.896786,480,1183.981903
52810.772672,480,1185.125646
49677.187362,480,1185.909062
53115.24197,480,1186.689658
51945.606893,480,1191.853426
51015.447014,480,1193.013519
50013.106281,480,1194.833538
50465.111408,480,1195.635784
52859.553557,480,1197.21551
50048.784271,480,1202.457296
51847.710831,480,1203.349952
50975.278941,480,1204.17508
50362.801685,480,1204.983526
52093.220554,480,1211.403248
51236.578286,480,1212.384873
50847.556551,480,1214.287548
51510.978176,480,1215.335058
50189.124885,480,1222.062093
50564.090295,480,1222.88293
50930.913643,480,1224.636224
51087.082232,480,1225.469728
50357.968416,480,1226.422953
52426.808392,480,1231.210268
53781.765147,480,1231.99614
50994.45704,480,1233.034146
51852.750869,480,1233.811112
50583.778103,480,1239.058883
50215.701736,480,1240.928327
52654.308562,480,1241.800234
51680.53192,480,1243.614931
50902.000168,480,1250.737675
51951.361183,480,1252.625117
50389.7785,480,1253.478827
50541.03032,480,1254.693322
51441.005092,480,1260.216604
51817.825971,480,1262.06944
51755.096994,480,1262.939276
51474.951584,480,1264.893256
53263.17376,480,1266.819179
53177.673257,480,1271.902093
54177.544271,480,1272.871465
50666.745681,480,1274.140241
50200.526663,480,1275.937678
51643.882594,480,1281.43507
51420.330391,480,1282.413287
51864.283916,480,1283.338265
53193.448897,480,1285.405288
52795.891024,480,1289.89463
51231.627805,480,1290.822391
52339.497339,480,1291.86839
51510.619879,480,1292.800179
50133.232429,480,1298.284171
50339.649487,480,1299.25942
51766.603784,480,1300.112436
50276.927779,480,1301.018462
51567.53518,480,1301.934841
52311.11901,480,1306.642941
50654.052962,480,1307.578373
49932.118129,480,1308.446192
51345.750826,480,1309.27173
51682.158871,480,1313.736961
50473.571675,480,1314.559273
51216.423091,480,1315.429161
50803.102693,480,1316.406354
52848.293946,480,1320.813521
50692.140898,480,1321.64321
50318.638194,480,1322.436585
52681.879238,480,1323.241121
51553.062434,480,1327.796284
52153.354404,480,1328.795488
53088.506719,480,1329.642659
51056.880351,480,1330.53877
50692.020358,480,1331.549064
51806.256432,480,1335.826873
50548.50311,480,1336.725866
50852.45446,480,1337.550474
52791.58907,480,1338.489188
52582.513977,480,1344.02013
52268.905982,480,1344.846306
50458.034842,480,1345.647934
51447.025736,480,1346.489534
52048.034412,480,1351.094582
50765.9899,480,1351.87927
51830.613012,480,1352.766281
52831.807671,480,1353.591088
52387.407406,480,1354.402402
51749.669504,480,1360.882566
53123.23127,480,1361.832776
51603.539079,480,1363.166097
52071.839604,480,1363.961506
51023.080882,480,1369.658408
51093.665594,480,1370.631124
50183.362771,480,1371.463745
52265.827954,480,1372.421463
51308.913238,480,1376.763254
52652.42242,480,1377.554862
50268.941277,480,1378.367473
50841.599921,480,1379.22552
51159.774269,480,1383.179256
50532.751038,480,1384.077298
52546.28896,480,1385.089476
53076.154506,480,1386.001463
50426.946227,480,1386.850592
50491.905854,480,1391.507194
51691.913259,480,1392.402914
51039.788275,480,1393.557835
53045.562294,480,1394.649127
51356.029555,480,1400.10297
50234.806584,480,1400.94437
50336.263219,480,1401.987415
51633.202563,480,1402.764808
52488.150146,480,1407.529894
51352.965932,480,1408.311682
52144.129592,480,1409.186076
52528.624037,480,1410.658824
50290.786758,480,1415.353758
50874.013128,480,1416.394017
50921.344787,480,1417.211846
52275.638535,480,1417.998995
52713.507985,480,1418.79761
53058.032242,480,1423.346001
51587.519599,480,1424.444591
51634.313556,480,1425.240499
51169.882126,480,1426.02382
51501.934315,480,1430.629646
52025.866796,480,1431.413587
50883.136847,480,1432.307887
52803.328173,480,1433.245371
51203.928291,480,1438.604758
50671.477812,480,1439.473521
51583.202305,480,1440.69902
52136.456257,480,1441.883941
51653.765892,480,1445.633787
50751.660428,480,1446.302644
50683.65001,480,1446.932622
51195.886011,480,1447.505058
50989.585172,480,1448.156435
51200.590159,480,1451.596706
51430.334883,480,1452.219208
50549.65867,480,1452.797639
50232.703809,480,1453.376627
50802.698036,480,1456.929122
51327.787842,480,1457.423087
50300.085868,480,1457.991076
52529.748198,480,1458.723166
51649.737548,480,1462.141603
49641.82526,480,1462.658618
50492.318437,480,1463.44219
51051.139912,480,1463.995569
52303.893341,480,1464.557193
52879.723002,480,1467.885533
51370.262955,480,1468.514997
52784.255137,480,1469.153909
50014.631126,480,1469.668608
50313.052519,480,1472.711777
52028.182264,480,1473.373396
49481.489385,480,1474.02847
50017.614864,480,1474.711422
50821.704845,480,1478.037425
50061.844898,480,1478.712478
51760.350186,480,1479.326978
51338.695798,480,1479.891687
52684.301019,480,1483.092885
51840.506705,480,1483.959038
51969.970269,480,1484.584279
52006.64585,480,1485.041255
49742.102353,480,1485.607721
51290.767252,480,1488.997472
52318.945734,480,1489.56836
53075.85579,480,1490.131363
52277.406035,480,1490.707425
51720.230412,480,1494.51611
53993.091394,480,1494.955651
50055.773906,480,1495.518833
50792.684038,480,1496.042325
50655.400441,480,1499.168864
50575.858932,480,1499.727366
51559.156472,480,1500.4879
52568.491708,480,1501.267858
50902.539589,480,1504.242517
52922.205056,480,1504.819551
50800.228108,480,1505.306503
52810.988616,480,1505.823866
52071.961905,480,1506.405172
50340.133699,480,1509.61578
51166.699244,480,1510.185094
51544.535364,480,1511.30897
52131.876139,480,1512.122572
51280.640096,480,1518.734761
51954.755595,480,1519.709251
50801.675538,480,1520.734756
52234.204183,480,1521.75514
51069.90001,480,1526.56507
52227.321681,480,1527.586301
50691.80409,480,1528.573662
50615.663933,480,1529.646005
50399.96031,480,1534.502465
51233.79408,480,1535.510672
52037.941692,480,1536.566723
51387.647341,480,1537.572532
51050.536737,480,1538.610132
52236.196161,480,1543.462255
51974.597603,480,1544.439166
53144.931895,480,1545.406189
51114.92327,480,1546.460461
49929.367194,480,1551.411437
51925.95068,480,1552.463571
50749.105574,480,1553.508213
49974.077253,480,1554.596366
51783.546412,480,1559.518164
51136.228529,480,1560.533115
52678.631615,480,1561.583244
51304.641309,480,1562.604177
50522.361071,480,1563.66662
50936.964768,480,1569.394898
53427.929873,480,1571.631677
50196.839503,480,1572.4405
51107.58831,480,1573.313936
52903.231012,480,1578.930288
51647.364582,480,1579.960262
50901.385175,480,1580.73692
50810.940708,480,1581.327606
50656.743736,480,1584.619418
49924.031298,480,1585.41418
52564.871054,480,1586.32835
50184.718861,480,1587.23841
53497.071302,480,1590.001039
52257.788499,480,1590.798526
52168.988299,480,1591.376641
52167.851295,480,1591.946391
52092.287076,480,1592.527672
52614.297013,480,1596.002292
52100.651621,480,1596.761141
51800.852699,480,1597.235978
50588.557717,480,1597.823714
53822.141514,480,1601.033782
52683.065608,480,1601.650652
51555.16019,480,1602.226503
51692.434008,480,1603.127013
51912.663493,480,1606.684538
50683.469402,480,1607.255466
49909.565717,480,1607.880292
52232.482495,480,1608.458815
51861.30234,480,1611.709688
53066.451763,480,1612.307803
51777.710129,480,1612.901523
51756.460194,480,1613.569087
51235.911386,480,1614.152874
52008.228132,480,1618.041476
51503.8742,480,1618.629571
50871.14757,480,1619.32198
51124.468873,480,1620.814116
53058.875697,480,1624.473019
52200.472004,480,1625.600005
49834.276516,480,1626.713349
50643.02269,480,1627.927983
51735.905778,480,1634.387607
51007.701039,480,1635.760333
51526.945541,480,1637.032939
50718.820539,480,1638.513232
52448.314653,480,1644.81975
50736.753452,480,1646.484708
50515.293316,480,1648.6077
50144.352324,480,1649.976437
52308.104599,480,1651.413152
52468.422208,480,1656.839036
52562.285524,480,1658.068422
49951.591364,480,1660.242598
51985.39842,480,1663.36976
50265.258345,480,1669.93735
52496.991465,480,1671.448673
50454.630232,480,1673.966341
53362.112121,480,1676.108601
50221.347254,480,1681.932478
51119.418236,480,1682.938502
53246.34859,480,1684.067032
51012.274409,480,1685.077328
50018.207694,480,1685.989316
51786.249585,480,1692.40884
50911.931584,480,1693.466459
50985.753627,480,1694.583969
50851.923654,480,1695.872704
51035.930612,480,1701.933738
51824.523416,480,1703.555671
52686.74581,480,1705.154176
51840.812712,480,1707.006008
49558.070243,480,1712.35788
50651.099239,480,1713.215594
50240.844076,480,1714.064266
51616.14721,480,1715.10072
51273.956183,480,1721.468674
52275.33149,480,1723.144952
51013.109137,480,1724.147737
51821.733455,480,1725.195866
52660.273181,480,1726.297229
50867.236605,480,1731.390905
51442.851163,480,1732.22468
50926.813683,480,1733.448009
51320.282718,480,1734.684397
50577.563675,480,1740.12476
50647.051481,480,1741.143822
51254.380455,480,1742.119013
52317.589901,480,1743.15685
50093.107005,480,1747.596296
50987.005151,480,1749.262641
50722.282249,480,1750.947938
48993.73653,480,1752.133642
50624.622096,480,1757.760544
51903.328557,480,1758.877244
50034.383467,480,1759.876313
51222.226716,480,1761.423173
51622.037274,480,1763.357494
49701.666621,480,1786.308585
51486.329371,480,1789.396051
51703.891491,480,1792.606024
52357.926623,480,1795.156417
48917.672274,480,1807.608037
51240.494866,480,1809.620305
50799.030062,480,1811.864271
51656.790235,480,1814.618637
51303.781364,480,1823.927813
51295.835782,480,1827.042387
51427.029993,480,1831.183323
52971.983842,480,1835.067859
52803.959393,480,1854.140649
51483.383906,480,1858.291912
51856.689705,480,1862.57714
49025.103524,480,1864.599419
52412.015996,480,1868.607966
49923.542358,480,1883.839886
51377.45191,480,1884.978268
50893.319749,480,1886.378779
51132.020186,480,1888.257803
50208.917361,480,1896.329462
50736.220584,480,1897.252612
52547.948876,480,1899.263059
51238.009828,480,1901.72098
51051.185217,480,1913.44997
51988.156858,480,1914.584126
52686.304939,480,1915.966589
50731.799025,480,1917.377492
49986.391723,480,1919.786564
50942.379198,480,1926.819592
51056.250981,480,1928.468933
52354.999493,480,1929.935368
52779.194545,480,1931.583971
51250.737523,480,1939.167358
52881.83513,480,1940.885693
50289.713483,480,1942.553825
51377.712759,480,1943.981474
50078.819338,480,1951.714815
52241.797255,480,1954.114732
52040.438227,480,1957.059943
50848.068376,480,1960.760259
50944.398361,480,1973.297729
50920.483844,480,1975.560269
50555.395539,480,1977.512007
51459.304388,480,1982.402705
51271.019802,480,1987.260132
50923.849174,480,2004.88318
51412.50253,480,2008.909149
51232.363137,480,2012.418394
51478.684942,480,2016.170053
51181.764584,480,2032.867172
50253.847545,480,2036.832336
50574.86228,480,2040.169293
54176.285757,480,2044.298843
49055.723885,480,2062.424686
50207.802957,480,2065.194622
50972.583016,480,2067.839896
52339.125906,480,2070.646117
53423.288132,480,2083.484161
50145.371712,480,2086.600075
50818.255704,480,2090.506377
52472.824346,480,2096.155115
51954.989826,480,2099.82664
50639.040113,480,2117.760199
52192.664944,480,2120.952217
52606.15136,480,2124.420062
50382.232168,480,2127.871003
50690.359999,480,2147.489802
49044.412095,480,2152.51918
52223.847485,480,2156.488983
50363.155268,480,2160.061447
50741.366166,480,2175.883348
51183.903717,480,2179.345569
50813.581683,480,2182.230455
49769.019497,480,2185.067427
49800.439747,480,2202.39742
48683.122528,480,2206.593378
51960.349879,480,2210.412101
50076.656476,480,2214.029491
49685.018773,480,2218.064255
49930.221125,480,2238.169022
52521.703053,480,2241.927658
51230.740974,480,2245.693613
49843.307079,480,2249.512024
50599.571309,480,2267.634179
51054.540074,480,2271.388488
51524.546215,480,2275.34641
51375.19669,480,2279.538843
50549.214018,480,2297.943435
51364.581269,480,2302.660226
50357.407473,480,2307.179797
51461.944677,480,2310.249603
50769.976372,480,2313.414064
49775.725746,480,2330.121133
49319.805867,480,2332.711358
52369.779612,480,2335.822628
50577.799861,480,2337.509476
52493.035326,480,2360.078455
49515.991585,480,2364.00528
50353.811577,480,2368.01153
49992.306331,480,2372.905248
53011.41727,480,2395.619747
50602.156028,480,2400.221533
50884.587409,480,2404.000439
49642.634193,480,2408.744745
49929.298232,480,2427.945899
49197.261374,480,2432.25098
51593.414032,480,2436.339407
51184.523523,480,2440.243055
49358.530454,480,2444.188608
52069.741467,480,2460.523305
49785.482139,480,2465.144095
50947.562104,480,2469.118096
49853.727422,480,2472.604937
49593.352671,480,2486.831573
50279.075063,480,2490.432227
49963.171714,480,2495.449022
51379.101587,480,2500.284463
50412.253466,480,2515.754721
51054.437577,480,2519.494282
50216.003453,480,2523.746011
52355.26855,480,2527.468054
49025.198353,480,2541.258384
50838.219497,480,2544.373634
50676.654013,480,2548.034732
50338.934216,480,2551.80011
51515.755588,480,2556.185842
50078.805059,480,2573.914352
49840.621647,480,2578.231942
51830.514149,480,2582.671968
50731.112543,480,2585.792406
50822.127005,480,2597.983913
51741.69403,480,2601.082199
50654.305033,480,2603.681244
50424.950928,480,2607.059614
51814.037217,480,2619.8978
50331.939531,480,2622.854968
49702.173597,480,2625.910655
50814.099909,480,2629.211093
49487.429806,480,2642.738069
49498.305926,480,2645.539589
53917.739858,480,2648.547456
52033.751704,480,2651.310228
51992.049559,480,2653.875159
50432.940757,480,2671.919574
51576.65323,480,2674.836703
50666.024094,480,2678.04495
50733.345878,480,2682.100106
52079.229484,480,2691.992022
51682.501402,480,2694.978648
50161.166532,480,2698.26321
51663.050336,480,2701.124145
50801.882069,480,2718.080739
50276.772103,480,2722.584421
50791.515713,480,2726.854746
50077.579094,480,2730.590708
50213.335803,480,2735.171091
51112.110151,480,2748.90006
50154.576505,480,2751.628181
50142.061375,480,2753.919586
50036.51755,480,2756.361109
52830.406367,480,2775.022324
50315.680668,480,2777.950373
50240.15222,480,2779.452799
51149.757376,480,2782.635092
50007.872612,480,2791.970768
48938.637269,480,2793.912572
50916.783926,480,2795.684789
49040.863333,480,2797.423582
50292.623849,480,2806.69749
51796.335419,480,2809.12784
51133.069036,480,2811.380205
50320.172115,480,2813.112759
53140.501665,480,2814.675118
50539.445017,480,2823.627954
51271.818105,480,2825.91132
51160.763851,480,2828.217608
50735.069766,480,2830.061743
49542.596616,480,2841.276749
50768.612241,480,2843.510693
53084.630136,480,2845.517042
51248.785222,480,2848.121013
50877.58097,480,2858.934586
50670.861238,480,2860.781372
50356.671709,480,2862.507994
50070.542445,480,2864.095145
50096.404809,480,2871.707232
50667.401742,480,2873.479573
49483.092749,480,2875.181678
50738.135528,480,2877.257327
52020.764207,480,2879.05623
50086.568881,480,2885.83059
49458.327255,480,2887.16334
50424.211108,480,2888.408044
50127.63052,480,2889.836855
49702.873789,480,2903.055603
52140.429735,480,2907.596793
50357.613732,480,2908.821123
51056.004729,480,2910.593542
50797.210212,480,2932.688536
50209.123505,480,2935.113586
48971.10185,480,2937.520042
51577.38944,480,2939.891842
50792.951581,480,2951.625295
51302.13529,480,2953.545067
50515.755401,480,2955.764909
50425.609882,480,2957.967397
48453.895383,480,2960.490569
51398.858672,480,2972.251744
50175.691097,480,2974.755004
51016.579961,480,2977.311224
52348.120278,480,2979.79126
50049.617511,480,2990.256694
51078.90684,480,2992.544712
51653.746063,480,2994.526123
51900.386777,480,2996.421906
51614.37261,480,3011.0803
50731.931155,480,3014.464217
51258.485211,480,3017.376349
51759.539666,480,3020.550612
50434.35788,480,3024.332707
50805.498477,480,3038.828165
51503.821193,480,3042.082883
51114.498542,480,3045.006302
50164.570965,480,3048.124814
50456.921509,480,3548.004502
49463.643013,480,3548.996544
48953.916919,480,3549.985728
51466.639783,480,3550.834915
50538.899027,480,3557.724526
51638.049695,480,3558.645182
51001.369636,480,3559.622385
50929.133118,480,3560.972451
50354.717817,480,3568.324622
52385.701517,480,3569.323665
50220.040874,480,3570.31045
49281.494341,480,3571.292057
51304.39795,480,3572.342449
50360.710195,480,3578.232693
51591.01328,480,3579.155178
51775.878409,480,3580.166046
50925.197345,480,3581.119268
50381.056464,480,3586.723834
51231.043041,480,3587.752347
50173.240723,480,3588.758073
52154.226455,480,3589.6982
51166.114476,480,3593.989846
51679.54626,480,3595.070097
49956.98485,480,3595.946193
51137.236263,480,3596.918886
50818.832132,480,3599.455091
51915.338798,480,3600.17289
50860.682318,480,3600.903809
50588.065604,480,3601.461775
49894.853813,480,3602.11498
51127.155612,480,3605.443706
50940.446599,480,3606.083588
51313.913969,480,3606.643004
50270.695039,480,3607.07534
52274.08477,480,3609.263627
51543.18306,480,3609.861813
51805.947957,480,3610.739201
51271.223955,480,3611.573622
52256.164576,480,3616.005469
49524.380709,480,3616.624522
52091.208519,480,3617.154212
51248.664524,480,3617.704006
48820.788256,480,3621.279146
50626.857375,480,3621.856214
51121.335409,480,3622.489279
50389.01686,480,3623.218544
49313.59262,480,3623.721152
49726.458221,480,3626.903787
50816.543792,480,3627.432405
52325.932593,480,3627.926732
49988.199019,480,3628.413133
49795.262986,480,3632.400602
50235.090475,480,3633.568835
51608.62993,480,3634.112889
51990.769808,480,3634.675228
52275.477424,480,3637.88822
51526.675855,480,3638.774005
50643.258177,480,3639.457808
48723.162115,480,3640.292948
49997.103958,480,3641.019952
51484.943486,480,3643.910419
50791.73872,480,3644.377522
51831.169964,480,3644.917625
50403.743563,480,3645.384776
52385.503089,480,3649.432026
53802.741939,480,3650.520462
51402.040415,480,3651.169338
50452.34942,480,3651.744853
50183.983843,480,3654.886811
52247.638236,480,3655.40239
51736.84051,480,3656.394677
50740.755748,480,3657.407707
52041.845072,480,3661.266827
50378.409704,480,3661.797378
52485.013865,480,3662.337994
50580.403769,480,3662.854776
50659.308383,480,3663.442919
50961.589062,480,3669.055779
50549.982954,480,3669.553988
51358.57892,480,3670.056849
50116.55976,480,3670.581029
